,position,birth_country,weight,birth_state,name_display_first_last,college,height_inches,name_display_roster,sport_code,bats,name_first,team_code,birth_city,height_feet,pro_debut_date,team_full,team_abbrev,birth_date,throws,league,name_display_last_first,position_id,high_school,name_use,player_id,name_last,team_id,service_years,active_sw
0,P,USA,200,CA,Shane Bieber,UC Santa Barbara,3,Bieber,mlb,R,Shane,cle,Orange,6,2018-05-31T00:00:00,Cleveland Indians,CLE,1995-05-31T00:00:00,R,AL,"Bieber, Shane",1,"Laguna Hills, CA",Shane,669456,Bieber,114,,Y
1,P,Cuba,218,,Aroldis Chapman,,4,"Chapman, A",mlb,L,Aroldis,nya,Holguin,6,2010-08-31T00:00:00,New York Yankees,NYY,1988-02-28T00:00:00,L,AL,"Chapman, Aroldis",1,,Aroldis,547973,Chapman,147,,Y
2,P,USA,220,CA,Gerrit Cole,UCLA,4,"Cole, G",mlb,R,Gerrit,nya,Newport Beach,6,2013-06-11T00:00:00,New York Yankees,NYY,1990-09-08T00:00:00,R,AL,"Cole, Gerrit",1,"Orange Lutheran, Orange, CA",Gerrit,543037,Cole,147,,Y
3,P,USA,245,CA,Lucas Giolito,,6,Giolito,mlb,R,Lucas,cha,Santa Monica,6,2016-06-28T00:00:00,Chicago White Sox,CWS,1994-07-14T00:00:00,R,AL,"Giolito, Lucas",1,"Harvard-Westlake, North Hollywood, CA",Lucas,608337,Giolito,145,,Y
4,P,USA,200,FL,Shane Greene,Daytona State,4,Greene,mlb,R,Shane,atl,Clermont,6,2014-04-24T00:00:00,Atlanta Braves,ATL,1988-11-17T00:00:00,R,NL,"Greene, Shane",1,"East Ridge, Clermont, FL",Shane,572888,Greene,144,,Y
5,P,USA,224,MN,Brad Hand,,3,Hand,mlb,L,Brad,tor,Minneapolis,6,2011-06-07T00:00:00,Toronto Blue Jays,TOR,1990-03-20T00:00:00,L,AL,"Hand, Brad",1,"Chaska, MN",Brad,543272,Hand,141,,Y
6,P,Australia,235,Western Australia,Liam Hendriks,,0,Hendriks,mlb,R,Liam,cha,Perth,6,2011-09-06T00:00:00,Chicago White Sox,CWS,1989-02-10T00:00:00,R,AL,"Hendriks, Liam",1,"Sacred Heart College, Perth, AUS",Liam,521230,Hendriks,145,,Y
7,P,USA,235,KS,John Means,West Virginia,3,Means,mlb,L,John,bal,Olathe,6,2018-09-26T00:00:00,Baltimore Orioles,BAL,1993-04-24T00:00:00,L,AL,"Means, John",1,"Gardner Edgerton, Gardner, KS",John,607644,Means,110,,Y
8,P,USA,210,TN,Mike Minor,Vanderbilt,4,Minor,mlb,R,Mike,kca,Chapel Hill,6,2010-08-09T00:00:00,Kansas City Royals,KC,1987-12-26T00:00:00,L,AL,"Minor, Mike",1,"Forrest, Chapel Hill, TN",Mike,501985,Minor,118,,Y
9,P,USA,215,NJ,Charlie Morton,,5,Morton,mlb,R,Charlie,atl,Flemington,6,2008-06-14T00:00:00,Atlanta Braves,ATL,1983-11-12T00:00:00,R,NL,"Morton, Charlie",1,"Joel Barlow, Redding, CT",Charlie,450203,Morton,144,,Y
10,P,USA,190,IL,Jake Odorizzi,,2,Odorizzi,mlb,R,Jake,hou,Breese,6,2012-09-23T00:00:00,Houston Astros,HOU,1990-03-27T00:00:00,R,AL,"Odorizzi, Jake",1,"Highland, IL",Jake,543606,Odorizzi,117,,Y
11,P,USA,206,TX,Ryan Pressly,,2,Pressly,mlb,R,Ryan,hou,Dallas,6,2013-04-04T00:00:00,Houston Astros,HOU,1988-12-15T00:00:00,R,AL,"Pressly, Ryan",1,"Marcus, Flower Mound, TX",Ryan,519151,Pressly,117,,Y
12,P,USA,180,NY,Marcus Stroman,Duke,7,Stroman,mlb,R,Marcus,nyn,Medford,5,2014-05-04T00:00:00,New York Mets,NYM,1991-05-01T00:00:00,R,NL,"Stroman, Marcus",1,"Patchogue-Medford, Medford, NY",Marcus,573186,Stroman,121,,Y
13,P,Dominican Republic,200,,Sandy Alcantara,,5,Alcantara,mlb,R,Sandy,mia,Azua,6,2017-09-03T00:00:00,Miami Marlins,MIA,1995-09-07T00:00:00,R,NL,"Alcantara, Sandy",1,,Sandy,645261,Alcantara,146,,Y
14,P,USA,185,KY,Walker Buehler,Vanderbilt,2,Buehler,mlb,R,Walker,lan,Lexington,6,2017-09-07T00:00:00,Los Angeles Dodgers,LAD,1994-07-28T00:00:00,R,NL,"Buehler, Walker",1,"Henry Clay, Lexington, KY",Walker,621111,Buehler,119,,Y
15,P,Dominican Republic,200,,Luis Castillo,,2,"Castillo, L",mlb,R,Luis,cin,Bani,6,2017-06-23T00:00:00,Cincinnati Reds,CIN,1992-12-12T00:00:00,R,NL,"Castillo, Luis",1,,Luis,622491,Castillo,113,,Y
16,P,USA,180,FL,Jacob deGrom,Stetson,4,deGrom,mlb,L,Jacob,nyn,DeLand,6,2014-05-15T00:00:00,New York Mets,NYM,1988-06-19T00:00:00,R,NL,"deGrom, Jacob",1,"Cavalry Christian Academy, Ormond Beach, FL",Jacob,594798,deGrom,121,,Y
17,P,USA,195,TN,Sonny Gray,Vanderbilt,10,"Gray, S",mlb,R,Sonny,cin,Smyrna,5,2013-07-10T00:00:00,Cincinnati Reds,CIN,1989-11-07T00:00:00,R,NL,"Gray, Sonny",1,"Smyrna, TN",Sonny,543243,Gray,113,,Y
18,P,USA,200,FL,Zack Greinke,,2,Greinke,mlb,R,Zack,hou,Orlando,6,2004-05-22T00:00:00,Houston Astros,HOU,1983-10-21T00:00:00,R,AL,"Greinke, Zack",1,"Apopka, FL",Zack,425844,Greinke,117,,Y
19,P,USA,180,MD,Josh Hader,,3,Hader,mlb,L,Josh,mil,Millersville,6,2017-06-10T00:00:00,Milwaukee Brewers,MIL,1994-04-07T00:00:00,L,NL,"Hader, Josh",1,"Old Mill, Millersville, MD",Josh,623352,Hader,158,,Y
20,P,USA,225,TX,Clayton Kershaw,,4,Kershaw,mlb,L,Clayton,lan,Dallas,6,2008-05-25T00:00:00,Los Angeles Dodgers,LAD,1988-03-19T00:00:00,L,NL,"Kershaw, Clayton",1,"Highland Park, Dallas, TX",Clayton,477132,Kershaw,119,,Y
21,P,Venezuela,225,,Felipe Vazquez,,2,Vazquez,mlb,L,Felipe,pit,San Felipe,6,2015-04-17T00:00:00,Pittsburgh Pirates,PIT,1991-07-05T00:00:00,L,NL,"Vazquez, Felipe",1,,Felipe,553878,Vazquez,134,,Y
22,P,USA,208,MO,Max Scherzer,Missouri,3,Scherzer,mlb,R,Max,lan,St. Louis,6,2008-04-29T00:00:00,Los Angeles Dodgers,LAD,1984-07-27T00:00:00,R,NL,"Scherzer, Max",1,"Parkway Central, Chesterfield, MO",Max,453286,Scherzer,119,,Y
23,P,Canada,225,AB,Mike Soroka,,5,Soroka,mlb,R,Mike,atl,Calgary,6,2018-05-01T00:00:00,Atlanta Braves,ATL,1997-08-04T00:00:00,R,NL,"Soroka, Mike",1,"Bishop Carroll, Calgary, AB",Mike,647336,Soroka,144,,Y
24,P,USA,243,MS,Brandon Woodruff,Mississippi State,4,Woodruff,mlb,L,Brandon,mil,Tupelo,6,2017-08-04T00:00:00,Milwaukee Brewers,MIL,1993-02-10T00:00:00,R,NL,"Woodruff, Brandon",1,"Wheeler, MS",Brandon,605540,Woodruff,158,,Y
25,P,USA,205,HI,Kirby Yates,"Yavapai JC, AZ",10,Yates,mlb,L,Kirby,tor,Lihue,5,2014-06-07T00:00:00,Toronto Blue Jays,TOR,1987-03-25T00:00:00,R,AL,"Yates, Kirby",1,"Kauai, Lihue, HI",Kirby,489446,Yates,141,,Y
26,P,USA,235,VA,Justin Verlander,Old Dominion,5,Verlander,mlb,R,Justin,hou,Manakin-Sabot,6,2005-07-04T00:00:00,Houston Astros,HOU,1983-02-20T00:00:00,R,AL,"Verlander, Justin",1,"Goochland, VA",Justin,434378,Verlander,117,,Y
27,P,South Korea,255,,Hyun Jin Ryu,,3,Ryu,mlb,R,Hyun Jin,tor,Incheon,6,2013-04-02T00:00:00,Toronto Blue Jays,TOR,1987-03-25T00:00:00,L,AL,"Ryu, Hyun Jin",1,,Hyun Jin,547943,Ryu,141,,Y
28,P,USA,220,NY,Patrick Corbin,"Chipola JC, FL",4,Corbin,mlb,L,Patrick,was,Clay,6,2012-04-30T00:00:00,Washington Nationals,WSH,1989-07-19T00:00:00,L,NL,"Corbin, Patrick",1,"Cicero-North Syracuse, Cicero, NY",Patrick,571578,Corbin,120,,Y
29,P,USA,180,FL,Jacob deGrom,Stetson,4,deGrom,mlb,L,Jacob,nyn,DeLand,6,2014-05-15T00:00:00,New York Mets,NYM,1988-06-19T00:00:00,R,NL,"deGrom, Jacob",1,"Cavalry Christian Academy, Ormond Beach, FL",Jacob,594798,deGrom,121,,Y
30,P,USA,204,SD,Sean Doolittle,Virginia,2,Doolittle,mlb,L,Sean,cin,Rapid City,6,2012-06-05T00:00:00,Cincinnati Reds,CIN,1986-09-26T00:00:00,L,NL,"Doolittle, Sean",1,"Shawnee, Medford, NJ",Sean,448281,Doolittle,113,,Y
31,P,USA,195,IL,Mike Foltynewicz,,4,Foltynewicz,mlb,R,Mike,tex,Sterling,6,2014-08-02T00:00:00,Texas Rangers,TEX,1991-10-07T00:00:00,R,AL,"Foltynewicz, Mike",1,"Minooka Community, Minooka, IL",Mike,592314,Foltynewicz,140,,Y
32,P,USA,200,FL,Zack Greinke,,2,Greinke,mlb,R,Zack,hou,Orlando,6,2004-05-22T00:00:00,Houston Astros,HOU,1983-10-21T00:00:00,R,AL,"Greinke, Zack",1,"Apopka, FL",Zack,425844,Greinke,117,,Y
33,P,USA,180,MD,Josh Hader,,3,Hader,mlb,L,Josh,mil,Millersville,6,2017-06-10T00:00:00,Milwaukee Brewers,MIL,1994-04-07T00:00:00,L,NL,"Hader, Josh",1,"Old Mill, Millersville, MD",Josh,623352,Hader,158,,Y
34,P,USA,224,MN,Brad Hand,,3,Hand,mlb,L,Brad,tor,Minneapolis,6,2011-06-07T00:00:00,Toronto Blue Jays,TOR,1990-03-20T00:00:00,L,AL,"Hand, Brad",1,"Chaska, MN",Brad,543272,Hand,141,,Y
35,P,Curacao,265,,Kenley Jansen,,5,"Jansen, K",mlb,S,Kenley,lan,Willemstad,6,2010-07-24T00:00:00,Los Angeles Dodgers,LAD,1987-09-30T00:00:00,R,NL,"Jansen, Kenley",1,,Kenley,445276,Jansen,119,,Y
36,P,USA,205,VA,Jeremy Jeffress,,0,Jeffress,mlb,R,Jeremy,was,South Boston,6,2010-09-01T00:00:00,Washington Nationals,WSH,1987-09-21T00:00:00,R,NL,"Jeffress, Jeremy",1,"Halifax County, South Boston, VA",Jeremy,502026,Jeffress,120,,Y
37,P,USA,249,WA,Jon Lester,,4,Lester,mlb,L,Jon,sln,Tacoma,6,2006-06-10T00:00:00,St. Louis Cardinals,STL,1984-01-07T00:00:00,L,NL,"Lester, Jon",1,"Bellarmine Prep, Tacoma, WA",Jon,452657,Lester,138,,Y
38,P,USA,230,FL,Miles Mikolas,"Nova Southeastern, Fort Lauderdale, FL",4,Mikolas,mlb,R,Miles,sln,Jupiter,6,2012-05-05T00:00:00,St. Louis Cardinals,STL,1988-08-23T00:00:00,R,NL,"Mikolas, Miles",1,"Jupiter Community, Jupiter, FL",Miles,571945,Mikolas,138,,Y
39,P,USA,200,LA,Aaron Nola,Louisiana State,2,Nola,mlb,R,Aaron,phi,Baton Rouge,6,2015-07-21T00:00:00,Philadelphia Phillies,PHI,1993-06-04T00:00:00,R,NL,"Nola, Aaron",1,"Catholic, Baton Rouge, LA",Aaron,605400,Nola,143,,Y
40,P,Venezuela,225,,Felipe Vazquez,,2,Vazquez,mlb,L,Felipe,pit,San Felipe,6,2015-04-17T00:00:00,Pittsburgh Pirates,PIT,1991-07-05T00:00:00,L,NL,"Vazquez, Felipe",1,,Felipe,553878,Vazquez,134,,Y
41,P,USA,220,PA,Ross Stripling,Texas A&M,3,Stripling,mlb,R,Ross,tor,Bluebell,6,2016-04-08T00:00:00,Toronto Blue Jays,TOR,1989-11-23T00:00:00,R,AL,"Stripling, Ross",1,"Carroll, Southlake, TX",Ross,548389,Stripling,141,,Y
42,P,USA,208,MO,Max Scherzer,Missouri,3,Scherzer,mlb,R,Max,lan,St. Louis,6,2008-04-29T00:00:00,Los Angeles Dodgers,LAD,1984-07-27T00:00:00,R,NL,"Scherzer, Max",1,"Parkway Central, Chesterfield, MO",Max,453286,Scherzer,119,,Y
43,P,USA,183,FL,Chris Sale,Florida Gulf Coast,6,Sale,mlb,L,Chris,bos,Lakeland,6,2010-08-06T00:00:00,Boston Red Sox,BOS,1989-03-30T00:00:00,L,AL,"Sale, Chris",1,"Lakeland, FL",Chris,519242,Sale,111,,Y
44,P,USA,205,CA,Trevor Bauer,UCLA,1,Bauer,mlb,R,Trevor,lan,North Hollywood,6,2012-06-28T00:00:00,Los Angeles Dodgers,LAD,1991-01-17T00:00:00,R,NL,"Bauer, Trevor",1,"Hart, Newhall, CA",Trevor,545333,Bauer,119,,Y
45,P,Puerto Rico,205,,Jose Berrios,,0,Berrios,mlb,R,Jose,tor,Bayamon,6,2016-04-27T00:00:00,Toronto Blue Jays,TOR,1994-05-27T00:00:00,R,AL,"Berrios, Jose",1,"Papa Juan XXIII, Bayamon, PR",Jose,621244,Berrios,141,,Y
46,P,Cuba,218,,Aroldis Chapman,,4,"Chapman, A",mlb,L,Aroldis,nya,Holguin,6,2010-08-31T00:00:00,New York Yankees,NYY,1988-02-28T00:00:00,L,AL,"Chapman, Aroldis",1,,Aroldis,547973,Chapman,147,,Y
47,P,USA,220,CA,Gerrit Cole,UCLA,4,"Cole, G",mlb,R,Gerrit,nya,Newport Beach,6,2013-06-11T00:00:00,New York Yankees,NYY,1990-09-08T00:00:00,R,AL,"Cole, Gerrit",1,"Orange Lutheran, Orange, CA",Gerrit,543037,Cole,147,,Y
48,P,Puerto Rico,165,,Edwin Diaz,,3,"Diaz, E",mlb,R,Edwin,nyn,Naguabo,6,2016-06-06T00:00:00,New York Mets,NYM,1994-03-22T00:00:00,R,NL,"Diaz, Edwin",1,"Caguas Military Academy, Gurabo, PR",Edwin,621242,Diaz,121,,Y
49,P,USA,205,IL,J.A. Happ,Northwestern,5,"Happ, J",mlb,L,J.A.,sln,Peru,6,2007-06-30T00:00:00,St. Louis Cardinals,STL,1982-10-19T00:00:00,L,NL,"Happ, J.A.",1,"Saint Bede Academy, Peru, IL",J.A.,457918,Happ,138,,Y
50,P,Puerto Rico,277,,Joe Jimenez,,3,"Jimenez, J",mlb,R,Joe,det,San Juan,6,2017-04-13T00:00:00,Detroit Tigers,DET,1995-01-17T00:00:00,R,AL,"Jimenez, Joe",1,"Puerto Rico Baseball Academy, Gurabo, PR",Joe,641729,Jimenez,116,,Y
51,P,USA,215,AL,Craig Kimbrel,Wallace State CC,0,Kimbrel,mlb,R,Craig,cha,Huntsville,6,2010-05-07T00:00:00,Chicago White Sox,CWS,1988-05-28T00:00:00,R,AL,"Kimbrel, Craig",1,"Robert E. Lee, Huntsville, AL",Craig,518886,Kimbrel,145,,Y
52,P,USA,215,AL,Corey Kluber,Stetson,4,Kluber,mlb,R,Corey,nya,Birmingham,6,2011-09-01T00:00:00,New York Yankees,NYY,1986-04-10T00:00:00,R,AL,"Kluber, Corey",1,"Coppell, TX",Corey,446372,Kluber,147,,Y
53,P,USA,215,NJ,Charlie Morton,,5,Morton,mlb,R,Charlie,atl,Flemington,6,2008-06-14T00:00:00,Atlanta Braves,ATL,1983-11-12T00:00:00,R,NL,"Morton, Charlie",1,"Joel Barlow, Redding, CT",Charlie,450203,Morton,144,,Y
54,P,Dominican Republic,218,,Luis Severino,,2,"Severino, L",mlb,R,Luis,nya,Sabana de la Mar,6,2015-08-05T00:00:00,New York Yankees,NYY,1994-02-20T00:00:00,R,AL,"Severino, Luis",1,,Luis,622663,Severino,147,,Y
55,P,USA,225,WA,Blake Snell,,4,Snell,mlb,L,Blake,sdn,Seattle,6,2016-04-23T00:00:00,San Diego Padres,SD,1992-12-04T00:00:00,L,NL,"Snell, Blake",1,"Shorewood, Shoreline, WA",Blake,605483,Snell,135,,Y
56,P,USA,225,KS,Blake Treinen,South Dakota State,5,Treinen,mlb,R,Blake,lan,Wichita,6,2014-04-12T00:00:00,Los Angeles Dodgers,LAD,1988-06-30T00:00:00,R,NL,"Treinen, Blake",1,"Osage City, KS",Blake,595014,Treinen,119,,Y
57,P,USA,235,VA,Justin Verlander,Old Dominion,5,Verlander,mlb,R,Justin,hou,Manakin-Sabot,6,2005-07-04T00:00:00,Houston Astros,HOU,1983-02-20T00:00:00,R,AL,"Verlander, Justin",1,"Goochland, VA",Justin,434378,Verlander,117,,Y
58,P,USA,225,FL,Wade Davis,,5,"Davis, W",mlb,R,Wade,kca,Lake Wales,6,2009-09-06T00:00:00,Kansas City Royals,KC,1985-09-07T00:00:00,R,AL,"Davis, Wade",1,"Lake Wales, FL",Wade,451584,Davis,118,,Y
59,P,USA,200,FL,Zack Greinke,,2,Greinke,mlb,R,Zack,hou,Orlando,6,2004-05-22T00:00:00,Houston Astros,HOU,1983-10-21T00:00:00,R,AL,"Greinke, Zack",1,"Apopka, FL",Zack,425844,Greinke,117,,Y
60,P,USA,224,MN,Brad Hand,,3,Hand,mlb,L,Brad,tor,Minneapolis,6,2011-06-07T00:00:00,Toronto Blue Jays,TOR,1990-03-20T00:00:00,L,AL,"Hand, Brad",1,"Chaska, MN",Brad,543272,Hand,141,,Y
61,P,USA,210,NC,Greg Holland,Western Carolina,10,"Holland, G",mlb,R,Greg,kca,Marion,5,2010-08-02T00:00:00,Kansas City Royals,KC,1985-11-20T00:00:00,R,AL,"Holland, Greg",1,"McDowell, Marion, NC",Greg,518813,Holland,118,,Y
62,P,Curacao,265,,Kenley Jansen,,5,"Jansen, K",mlb,S,Kenley,lan,Willemstad,6,2010-07-24T00:00:00,Los Angeles Dodgers,LAD,1987-09-30T00:00:00,R,NL,"Jansen, Kenley",1,,Kenley,445276,Jansen,119,,Y
63,P,USA,225,TX,Clayton Kershaw,,4,Kershaw,mlb,L,Clayton,lan,Dallas,6,2008-05-25T00:00:00,Los Angeles Dodgers,LAD,1988-03-19T00:00:00,L,NL,"Kershaw, Clayton",1,"Highland Park, Dallas, TX",Clayton,477132,Kershaw,119,,Y
64,P,USA,224,TX,Corey Knebel,Texas,3,Knebel,mlb,R,Corey,lan,Denton,6,2014-05-24T00:00:00,Los Angeles Dodgers,LAD,1991-11-26T00:00:00,R,NL,"Knebel, Corey",1,"Georgetown, TX",Corey,608349,Knebel,119,,Y
65,P,Dominican Republic,200,,Carlos Martinez,,0,Martinez,mlb,R,Carlos,sln,Puerto Plata,6,2013-05-03T00:00:00,St. Louis Cardinals,STL,1991-09-21T00:00:00,R,NL,"Martinez, Carlos",1,,Carlos,593372,Martinez,138,,Y
66,P,USA,220,WI,Pat Neshek,Butler,3,Neshek,mlb,S,Pat,phi,Madison,6,2006-07-07T00:00:00,Philadelphia Phillies,PHI,1980-09-04T00:00:00,R,NL,"Neshek, Pat",1,"Park Center, Brooklyn Park, MN",Pat,450212,Neshek,143,,Y
67,P,USA,215,TN,Robbie Ray,,2,Ray,mlb,L,Robbie,tor,Brentwood,6,2014-05-06T00:00:00,Toronto Blue Jays,TOR,1991-10-01T00:00:00,L,AL,"Ray, Robbie",1,"Brentwood, TN",Robbie,592662,Ray,141,,Y
68,P,USA,240,CA,Stephen Strasburg,San Diego State,5,Strasburg,mlb,R,Stephen,was,San Diego,6,2010-06-08T00:00:00,Washington Nationals,WSH,1988-07-20T00:00:00,R,NL,"Strasburg, Stephen",1,"West Hills, Santee, CA",Stephen,544931,Strasburg,120,,Y
69,P,USA,215,NC,Alex Wood,Georgia,4,"Wood, A",mlb,R,Alex,sfn,Charlotte,6,2013-05-30T00:00:00,San Francisco Giants,SF,1991-01-12T00:00:00,L,NL,"Wood, Alex",1,"Ardrey Kell, Charlotte, NC",Alex,622072,Wood,137,,Y
70,P,USA,208,MO,Max Scherzer,Missouri,3,Scherzer,mlb,R,Max,lan,St. Louis,6,2008-04-29T00:00:00,Los Angeles Dodgers,LAD,1984-07-27T00:00:00,R,NL,"Scherzer, Max",1,"Parkway Central, Chesterfield, MO",Max,453286,Scherzer,119,,Y
71,P,USA,183,FL,Chris Sale,Florida Gulf Coast,6,Sale,mlb,L,Chris,bos,Lakeland,6,2010-08-06T00:00:00,Boston Red Sox,BOS,1989-03-30T00:00:00,L,AL,"Sale, Chris",1,"Lakeland, FL",Chris,519242,Sale,111,,Y
72,P,USA,195,NC,Chris Archer,,2,Archer,mlb,R,Chris,tba,Raleigh,6,2012-06-20T00:00:00,Tampa Bay Rays,TB,1988-09-26T00:00:00,R,AL,"Archer, Chris",1,"Clayton, NC",Chris,502042,Archer,139,,Y
73,P,USA,265,NY,Dellin Betances,,8,Betances,mlb,R,Dellin,nyn,New York,6,2011-09-22T00:00:00,New York Mets,NYM,1988-03-23T00:00:00,R,NL,"Betances, Dellin",1,"Grand Street Campus, Brooklyn, NY",Dellin,476454,Betances,121,,Y
74,P,Japan,220,,Yu Darvish,,5,Darvish,mlb,R,Yu,sdn,Osaka,6,2012-04-09T00:00:00,San Diego Padres,SD,1986-08-16T00:00:00,R,NL,"Darvish, Yu",1,"Tohoku, Sendai, JPN",Yu,506433,Darvish,135,,Y
75,P,USA,211,CA,Chris Devenski,Cal State Fullerton,3,Devenski,mlb,R,Chris,ari,Cerritos,6,2016-04-08T00:00:00,Arizona Diamondbacks,ARI,1990-11-13T00:00:00,R,NL,"Devenski, Chris",1,"Richard Gahr, Cerritos, CA",Chris,606965,Devenski,109,,Y
76,P,USA,224,OK,Michael Fulmer,,3,"Fulmer, M",mlb,R,Michael,det,Oklahoma City,6,2016-04-29T00:00:00,Detroit Tigers,DET,1993-03-15T00:00:00,R,AL,"Fulmer, Michael",1,"Deer Creek, Edmond, OK",Michael,605242,Fulmer,116,,Y
77,P,USA,205,OK,Dallas Keuchel,Arkansas,2,Keuchel,mlb,L,Dallas,cha,Tulsa,6,2012-06-17T00:00:00,Chicago White Sox,CWS,1988-01-01T00:00:00,L,AL,"Keuchel, Dallas",1,"Bishop Kelley, Tulsa, OK",Dallas,572971,Keuchel,145,,Y
78,P,USA,215,AL,Craig Kimbrel,Wallace State CC,0,Kimbrel,mlb,R,Craig,cha,Huntsville,6,2010-05-07T00:00:00,Chicago White Sox,CWS,1988-05-28T00:00:00,R,AL,"Kimbrel, Craig",1,"Robert E. Lee, Huntsville, AL",Craig,518886,Kimbrel,145,,Y
79,P,USA,200,NV,Brandon Kintzler,"Dixie State, UT",10,Kintzler,mlb,R,Brandon,phi,Las Vegas,5,2010-09-10T00:00:00,Philadelphia Phillies,PHI,1984-08-01T00:00:00,R,NL,"Kintzler, Brandon",1,"Palo Verde, Las Vegas, NV",Brandon,445213,Kintzler,143,,Y
80,P,USA,215,AL,Corey Kluber,Stetson,4,Kluber,mlb,R,Corey,nya,Birmingham,6,2011-09-01T00:00:00,New York Yankees,NYY,1986-04-10T00:00:00,R,AL,"Kluber, Corey",1,"Coppell, TX",Corey,446372,Kluber,147,,Y
81,P,USA,202,FL,Lance McCullers Jr.,,1,McCullers,mlb,L,Lance,hou,Tampa,6,2015-05-18T00:00:00,Houston Astros,HOU,1993-10-02T00:00:00,R,AL,"McCullers Jr., Lance",1,"Jesuit, Tampa, FL",Lance,621121,McCullers,117,,Y
82,P,USA,200,FL,Andrew Miller,North Carolina,7,Miller,mlb,L,Andrew,sln,Gainesville,6,2006-08-30T00:00:00,St. Louis Cardinals,STL,1985-05-21T00:00:00,L,NL,"Miller, Andrew",1,"F.W. Buchholz, Gainesville, FL",Andrew,453192,Miller,138,,Y
83,P,Mexico,217,Sinaloa,Roberto Osuna,,2,Osuna,mlb,R,Roberto,hou,Juan Jose Rios,6,2015-04-08T00:00:00,Houston Astros,HOU,1995-02-07T00:00:00,R,AL,"Osuna, Roberto",1,,Roberto,532077,Osuna,117,,Y
84,P,Dominican Republic,175,,Ervin Santana,,2,"Santana, E",mlb,R,Ervin,kca,San Cristobal,6,2005-05-17T00:00:00,Kansas City Royals,KC,1982-12-12T00:00:00,R,AL,"Santana, Ervin",1,"Colegio Cristiano El Alfarero, DOM",Ervin,429722,Santana,118,,Y
85,P,Dominican Republic,218,,Luis Severino,,2,"Severino, L",mlb,R,Luis,nya,Sabana de la Mar,6,2015-08-05T00:00:00,New York Yankees,NYY,1994-02-20T00:00:00,R,AL,"Severino, Luis",1,,Luis,622663,Severino,147,,Y
86,P,USA,215,CA,Jason Vargas,Long Beach State,0,Vargas,mlb,L,Jason,phi,Apple Valley,6,2005-07-14T00:00:00,Philadelphia Phillies,PHI,1983-02-02T00:00:00,L,NL,"Vargas, Jason",1,"Apple Valley, CA",Jason,450306,Vargas,143,,Y
87,P,USA,183,FL,Chris Sale,Florida Gulf Coast,6,Sale,mlb,L,Chris,bos,Lakeland,6,2010-08-06T00:00:00,Boston Red Sox,BOS,1989-03-30T00:00:00,L,AL,"Sale, Chris",1,"Lakeland, FL",Chris,519242,Sale,111,,Y
88,P,USA,265,NY,Dellin Betances,,8,Betances,mlb,R,Dellin,nyn,New York,6,2011-09-22T00:00:00,New York Mets,NYM,1988-03-23T00:00:00,R,NL,"Betances, Dellin",1,"Grand Street Campus, Brooklyn, NY",Dellin,476454,Betances,121,,Y
89,P,USA,215,NJ,Brad Brach,Monmouth,6,Brach,mlb,R,Brad,cin,Freehold,6,2011-08-31T00:00:00,Cincinnati Reds,CIN,1986-04-12T00:00:00,R,NL,"Brach, Brad",1,"Freehold Township, Freehold, NJ",Brad,542960,Brach,113,,Y
90,P,USA,200,CA,Zack Britton,,1,Britton,mlb,L,Zack,nya,Panorama City,6,2011-04-03T00:00:00,New York Yankees,NYY,1987-12-22T00:00:00,L,AL,"Britton, Zack",1,"Weatherford, TX",Zack,502154,Britton,147,,Y
91,P,Dominican Republic,225,,Alex Colome,,1,Colome,mlb,R,Alex,min,Santo Domingo,6,2013-05-30T00:00:00,Minnesota Twins,MIN,1988-12-31T00:00:00,R,AL,"Colome, Alex",1,,Alex,517008,Colome,142,,Y
92,P,USA,225,FL,Wade Davis,,5,"Davis, W",mlb,R,Wade,kca,Lake Wales,6,2009-09-06T00:00:00,Kansas City Royals,KC,1985-09-07T00:00:00,R,AL,"Davis, Wade",1,"Lake Wales, FL",Wade,451584,Davis,118,,Y
93,P,Mexico,180,Sonora,Marco Estrada,Long Beach State,0,Estrada,mlb,R,Marco,oak,Sonora,6,2008-08-20T00:00:00,Oakland Athletics,OAK,1983-07-05T00:00:00,R,AL,"Estrada, Marco",1,"Sylmar, CA",Marco,462136,Estrada,133,,Y
94,P,USA,205,CA,Cole Hamels,,4,Hamels,mlb,L,Cole,lan,San Diego,6,2006-05-12T00:00:00,Los Angeles Dodgers,LAD,1983-12-27T00:00:00,L,NL,"Hamels, Cole",1,"Rancho Bernardo, San Diego, CA",Cole,430935,Hamels,119,,Y
95,P,USA,236,TX,Will Harris,Louisiana State,4,Harris,mlb,R,Will,was,Houston,6,2012-08-13T00:00:00,Washington Nationals,WSH,1984-08-28T00:00:00,R,NL,"Harris, Will",1,"Slidell, LA",Will,501789,Harris,120,,Y
96,P,Dominican Republic,220,,Kelvin Herrera,,10,Herrera,mlb,R,Kelvin,chn,Tenares,5,2011-09-21T00:00:00,Chicago Cubs,CHC,1989-12-31T00:00:00,R,NL,"Herrera, Kelvin",1,,Kelvin,516969,Herrera,112,,Y
97,P,USA,215,AL,Craig Kimbrel,Wallace State CC,0,Kimbrel,mlb,R,Craig,cha,Huntsville,6,2010-05-07T00:00:00,Chicago White Sox,CWS,1988-05-28T00:00:00,R,AL,"Kimbrel, Craig",1,"Robert E. Lee, Huntsville, AL",Craig,518886,Kimbrel,145,,Y
98,P,USA,215,AL,Corey Kluber,Stetson,4,Kluber,mlb,R,Corey,nya,Birmingham,6,2011-09-01T00:00:00,New York Yankees,NYY,1986-04-10T00:00:00,R,AL,"Kluber, Corey",1,"Coppell, TX",Corey,446372,Kluber,147,,Y
99,P,USA,200,FL,Andrew Miller,North Carolina,7,Miller,mlb,L,Andrew,sln,Gainesville,6,2006-08-30T00:00:00,St. Louis Cardinals,STL,1985-05-21T00:00:00,L,NL,"Miller, Andrew",1,"F.W. Buchholz, Gainesville, FL",Andrew,453192,Miller,138,,Y
100,P,Colombia,220,,Jose Quintana,,1,Quintana,mlb,R,Jose,ana,Arjona,6,2012-05-07T00:00:00,Los Angeles Angels,LAA,1989-01-24T00:00:00,L,AL,"Quintana, Jose",1,,Jose,500779,Quintana,108,,Y
101,P,Dominican Republic,195,,Danny Salazar,,0,Salazar,mlb,R,Danny,cle,Santo Domingo,6,2013-07-11T00:00:00,Cleveland Indians,CLE,1990-01-11T00:00:00,R,AL,"Salazar, Danny",1,,Danny,517593,Salazar,114,,Y
102,P,USA,210,CA,Aaron Sanchez,,4,"Sanchez, Aa",mlb,R,Aaron,sfn,Barstow,6,2014-07-23T00:00:00,San Francisco Giants,SF,1992-07-01T00:00:00,R,NL,"Sanchez, Aaron",1,"Barstow, CA",Aaron,592717,Sanchez,137,,Y
103,P,USA,215,CA,Steven Wright,Hawaii,2,"Wright, S",mlb,R,Steven,bos,Torrance,6,2013-04-23T00:00:00,Boston Red Sox,BOS,1984-08-30T00:00:00,R,AL,"Wright, Steven",1,"Valley View, Moreno Valley, CA",Steven,453214,Wright,111,,Y
104,P,Dominican Republic,229,,Johnny Cueto,,11,Cueto,mlb,R,Johnny,sfn,San Pedro de Macoris,5,2008-04-03T00:00:00,San Francisco Giants,SF,1986-02-15T00:00:00,R,NL,"Cueto, Johnny",1,,Johnny,456501,Cueto,137,,Y
105,P,USA,230,MO,Jake Arrieta,Texas Christian,4,Arrieta,mlb,R,Jake,chn,Farmington,6,2010-06-10T00:00:00,Chicago Cubs,CHC,1986-03-06T00:00:00,R,NL,"Arrieta, Jake",1,"Plano East, Plano, TX",Jake,453562,Arrieta,112,,Y
106,P,USA,257,NC,Madison Bumgarner,,4,Bumgarner,mlb,R,Madison,ari,Hickory,6,2009-09-08T00:00:00,Arizona Diamondbacks,ARI,1989-08-01T00:00:00,L,NL,"Bumgarner, Madison",1,"South Caldwell, Hudson, NC",Madison,518516,Bumgarner,109,,Y
107,P,Dominican Republic,285,,Bartolo Colon,,11,Colon,mlb,R,Bartolo,tex,Altamira,5,1997-04-04T00:00:00,Texas Rangers,TEX,1973-05-24T00:00:00,R,AL,"Colon, Bartolo",1,,Bartolo,112526,Colon,140,,Y
108,P,Dominican Republic,240,,Jeurys Familia,,3,Familia,mlb,R,Jeurys,nyn,Santo Domingo,6,2012-09-04T00:00:00,New York Mets,NYM,1989-10-10T00:00:00,R,NL,"Familia, Jeurys",1,"Liceo Ana Lilian Miranda, Yaguate, DOM",Jeurys,544727,Familia,121,,Y
109,P,Dominican Republic,215,,Jose Manuel Fernandez,,3,"Fernandez, J. Man.",mlb,L,Jose Manuel,det,Mao,6,2018-09-01T00:00:00,Detroit Tigers,DET,1993-02-13T00:00:00,L,AL,"Fernandez, Jose Manuel",1,,Jose Manuel,622774,Fernandez,116,,Y
110,P,Curacao,265,,Kenley Jansen,,5,"Jansen, K",mlb,S,Kenley,lan,Willemstad,6,2010-07-24T00:00:00,Los Angeles Dodgers,LAD,1987-09-30T00:00:00,R,NL,"Jansen, Kenley",1,,Kenley,445276,Jansen,119,,Y
111,P,USA,225,TX,Clayton Kershaw,,4,Kershaw,mlb,L,Clayton,lan,Dallas,6,2008-05-25T00:00:00,Los Angeles Dodgers,LAD,1988-03-19T00:00:00,L,NL,"Kershaw, Clayton",1,"Highland Park, Dallas, TX",Clayton,477132,Kershaw,119,,Y
112,P,USA,249,WA,Jon Lester,,4,Lester,mlb,L,Jon,sln,Tacoma,6,2006-06-10T00:00:00,St. Louis Cardinals,STL,1984-01-07T00:00:00,L,NL,"Lester, Jon",1,"Bellarmine Prep, Tacoma, WA",Jon,452657,Lester,138,,Y
113,P,USA,215,CO,Mark Melancon,Arizona,1,Melancon,mlb,R,Mark,sdn,Wheat Ridge,6,2009-04-26T00:00:00,San Diego Padres,SD,1985-03-28T00:00:00,R,NL,"Melancon, Mark",1,"Golden, CO",Mark,453343,Melancon,135,,Y
114,P,USA,246,TN,Drew Pomeranz,Mississippi,5,Pomeranz,mlb,R,Drew,sdn,Memphis,6,2011-09-11T00:00:00,San Diego Padres,SD,1988-11-22T00:00:00,L,NL,"Pomeranz, Drew",1,"Collierville, TN",Drew,519141,Pomeranz,135,,Y
115,P,USA,200,TX,AJ Ramos,Texas Tech,10,"Ramos, A",mlb,R,AJ,col,Lubbock,5,2012-09-04T00:00:00,Colorado Rockies,COL,1986-09-20T00:00:00,R,NL,"Ramos, AJ",1,"Estacado, Lubbock, TX",AJ,573109,Ramos,115,,Y
116,P,Dominican Republic,240,,Fernando Rodney,,11,Rodney,mlb,R,Fernando,hou,Samana,5,2002-05-04T00:00:00,Houston Astros,HOU,1977-03-18T00:00:00,R,AL,"Rodney, Fernando",1,"Liceo Sol Ana Nolan, DOM",Fernando,407845,Rodney,117,,Y
117,P,USA,208,MO,Max Scherzer,Missouri,3,Scherzer,mlb,R,Max,lan,St. Louis,6,2008-04-29T00:00:00,Los Angeles Dodgers,LAD,1984-07-27T00:00:00,R,NL,"Scherzer, Max",1,"Parkway Central, Chesterfield, MO",Max,453286,Scherzer,119,,Y
118,P,USA,240,CA,Stephen Strasburg,San Diego State,5,Strasburg,mlb,R,Stephen,was,San Diego,6,2010-06-08T00:00:00,Washington Nationals,WSH,1988-07-20T00:00:00,R,NL,"Strasburg, Stephen",1,"West Hills, Santee, CA",Stephen,544931,Strasburg,120,,Y
119,P,USA,242,TX,Noah Syndergaard,,6,Syndergaard,mlb,L,Noah,nyn,Mansfield,6,2015-05-12T00:00:00,New York Mets,NYM,1992-08-29T00:00:00,R,NL,"Syndergaard, Noah",1,"Legacy, Mansfield, TX",Noah,592789,Syndergaard,121,,Y
120,P,Colombia,205,,Julio Teheran,,2,Teheran,mlb,R,Julio,det,Cartagena,6,2011-05-07T00:00:00,Detroit Tigers,DET,1991-01-27T00:00:00,R,AL,"Teheran, Julio",1,,Julio,527054,Teheran,116,,Y
121,P,USA,200,FL,Zack Greinke,,2,Greinke,mlb,R,Zack,hou,Orlando,6,2004-05-22T00:00:00,Houston Astros,HOU,1983-10-21T00:00:00,R,AL,"Greinke, Zack",1,"Apopka, FL",Zack,425844,Greinke,117,,Y
122,P,USA,205,OK,Dallas Keuchel,Arkansas,2,Keuchel,mlb,L,Dallas,cha,Tulsa,6,2012-06-17T00:00:00,Chicago White Sox,CWS,1988-01-01T00:00:00,L,AL,"Keuchel, Dallas",1,"Bishop Kelley, Tulsa, OK",Dallas,572971,Keuchel,145,,Y
123,P,Cuba,218,,Aroldis Chapman,,4,"Chapman, A",mlb,L,Aroldis,nya,Holguin,6,2010-08-31T00:00:00,New York Yankees,NYY,1988-02-28T00:00:00,L,AL,"Chapman, Aroldis",1,,Aroldis,547973,Chapman,147,,Y
124,P,USA,220,CA,Gerrit Cole,UCLA,4,"Cole, G",mlb,R,Gerrit,nya,Newport Beach,6,2013-06-11T00:00:00,New York Yankees,NYY,1990-09-08T00:00:00,R,AL,"Cole, Gerrit",1,"Orange Lutheran, Orange, CA",Gerrit,543037,Cole,147,,Y
125,P,USA,180,FL,Jacob deGrom,Stetson,4,deGrom,mlb,L,Jacob,nyn,DeLand,6,2014-05-15T00:00:00,New York Mets,NYM,1988-06-19T00:00:00,R,NL,"deGrom, Jacob",1,"Cavalry Christian Academy, Ormond Beach, FL",Jacob,594798,deGrom,121,,Y
126,P,USA,225,TX,Clayton Kershaw,,4,Kershaw,mlb,L,Clayton,lan,Dallas,6,2008-05-25T00:00:00,Los Angeles Dodgers,LAD,1988-03-19T00:00:00,L,NL,"Kershaw, Clayton",1,"Highland Park, Dallas, TX",Clayton,477132,Kershaw,119,,Y
127,P,Dominican Republic,200,,Carlos Martinez,,0,Martinez,mlb,R,Carlos,sln,Puerto Plata,6,2013-05-03T00:00:00,St. Louis Cardinals,STL,1991-09-21T00:00:00,R,NL,"Martinez, Carlos",1,,Carlos,593372,Martinez,138,,Y
128,P,USA,215,CO,Mark Melancon,Arizona,1,Melancon,mlb,R,Mark,sdn,Wheat Ridge,6,2009-04-26T00:00:00,San Diego Padres,SD,1985-03-28T00:00:00,R,NL,"Melancon, Mark",1,"Golden, CO",Mark,453343,Melancon,135,,Y
129,P,USA,225,TX,Shelby Miller,,3,"Miller, S",mlb,R,Shelby,chn,Round Rock,6,2012-09-05T00:00:00,Chicago Cubs,CHC,1990-10-10T00:00:00,R,NL,"Miller, Shelby",1,"Brownwood, TX",Shelby,571946,Miller,112,,Y
130,P,USA,230,MO,Trevor Rosenthal,"Cowley CC, KS",2,Rosenthal,mlb,R,Trevor,oak,Lee's Summit,6,2012-07-18T00:00:00,Oakland Athletics,OAK,1990-05-29T00:00:00,R,AL,"Rosenthal, Trevor",1,"Lee's Summit West, Lee's Summit, MO",Trevor,572096,Rosenthal,133,,Y
131,P,USA,208,MO,Max Scherzer,Missouri,3,Scherzer,mlb,R,Max,lan,St. Louis,6,2008-04-29T00:00:00,Los Angeles Dodgers,LAD,1984-07-27T00:00:00,R,NL,"Scherzer, Max",1,"Parkway Central, Chesterfield, MO",Max,453286,Scherzer,119,,Y
132,P,USA,215,IA,Michael Wacha,Texas A&M,6,Wacha,mlb,R,Michael,tba,Iowa City,6,2013-05-30T00:00:00,Tampa Bay Rays,TB,1991-07-01T00:00:00,R,AL,"Wacha, Michael",1,"Pleasant Grove, Texarkana, TX",Michael,608379,Wacha,139,,Y
133,P,USA,195,NC,Chris Archer,,2,Archer,mlb,R,Chris,tba,Raleigh,6,2012-06-20T00:00:00,Tampa Bay Rays,TB,1988-09-26T00:00:00,R,AL,"Archer, Chris",1,"Clayton, NC",Chris,502042,Archer,139,,Y
134,P,USA,265,NY,Dellin Betances,,8,Betances,mlb,R,Dellin,nyn,New York,6,2011-09-22T00:00:00,New York Mets,NYM,1988-03-23T00:00:00,R,NL,"Betances, Dellin",1,"Grand Street Campus, Brooklyn, NY",Dellin,476454,Betances,121,,Y
135,P,USA,211,CA,Brad Boxberger,Southern California,10,Boxberger,mlb,R,Brad,mil,Fullerton,5,2012-06-10T00:00:00,Milwaukee Brewers,MIL,1988-05-27T00:00:00,R,NL,"Boxberger, Brad",1,"Foothill, North Tustin, CA",Brad,502202,Boxberger,158,,Y
136,P,USA,200,CA,Zack Britton,,1,Britton,mlb,L,Zack,nya,Panorama City,6,2011-04-03T00:00:00,New York Yankees,NYY,1987-12-22T00:00:00,L,AL,"Britton, Zack",1,"Weatherford, TX",Zack,502154,Britton,147,,Y
137,P,USA,225,FL,Wade Davis,,5,"Davis, W",mlb,R,Wade,kca,Lake Wales,6,2009-09-06T00:00:00,Kansas City Royals,KC,1985-09-07T00:00:00,R,AL,"Davis, Wade",1,"Lake Wales, FL",Wade,451584,Davis,118,,Y
138,P,USA,195,TN,Sonny Gray,Vanderbilt,10,"Gray, S",mlb,R,Sonny,cin,Smyrna,5,2013-07-10T00:00:00,Cincinnati Reds,CIN,1989-11-07T00:00:00,R,NL,"Gray, Sonny",1,"Smyrna, TN",Sonny,543243,Gray,113,,Y
139,P,Venezuela,220,,Felix Hernandez,,3,"Hernandez, F",mlb,R,Felix,atl,Valencia,6,2005-08-04T00:00:00,Atlanta Braves,ATL,1986-04-08T00:00:00,R,NL,"Hernandez, Felix",1,"U.E. Jose Austria, Valencia, VEN",Felix,433587,Hernandez,144,,Y
140,P,Dominican Republic,220,,Kelvin Herrera,,10,Herrera,mlb,R,Kelvin,chn,Tenares,5,2011-09-21T00:00:00,Chicago Cubs,CHC,1989-12-31T00:00:00,R,NL,"Herrera, Kelvin",1,,Kelvin,516969,Herrera,112,,Y
141,P,USA,220,FL,Darren O'Day,Florida,4,O'Day,mlb,R,Darren,nya,Jacksonville,6,2008-03-31T00:00:00,New York Yankees,NYY,1982-10-22T00:00:00,R,AL,"O'Day, Darren",1,"Bishop Kenny, Jacksonville, FL",Darren,503285,O'Day,147,,Y
142,P,USA,215,TN,David Price,Vanderbilt,5,Price,mlb,L,David,lan,Murfreesboro,6,2008-09-14T00:00:00,Los Angeles Dodgers,LAD,1985-08-26T00:00:00,L,NL,"Price, David",1,"Blackman, Murfreesboro, TN",David,456034,Price,119,,Y
143,P,USA,183,FL,Chris Sale,Florida Gulf Coast,6,Sale,mlb,L,Chris,bos,Lakeland,6,2010-08-06T00:00:00,Boston Red Sox,BOS,1989-03-30T00:00:00,L,AL,"Sale, Chris",1,"Lakeland, FL",Chris,519242,Sale,111,,Y
144,P,USA,215,NJ,Hector Santiago,Northwest Florida State,0,Santiago,mlb,R,Hector,sea,Newark,6,2011-07-06T00:00:00,Seattle Mariners,SEA,1987-12-16T00:00:00,L,AL,"Santiago, Hector",1,"Bloomfield Tech, Bloomfield, NJ",Hector,502327,Santiago,136,,Y
